{
  "svm": {
    "accuracy": 0.9708,
    "report": {
      "Arborio": {
        "precision": 0.9732927653820149,
        "recall": 0.9596666666666667,
        "f1-score": 0.9664316884860692,
        "support": 3000
      },
      "Basmati": {
        "precision": 0.9658520254435888,
        "recall": 0.9616666666666667,
        "f1-score": 0.9637548020711542,
        "support": 3000
      },
      "Ipsala": {
        "precision": 0.9953364423717521,
        "recall": 0.996,
        "f1-score": 0.99566811062979,
        "support": 3000
      },
      "Jasmine": {
        "precision": 0.9518911745189117,
        "recall": 0.9563333333333334,
        "f1-score": 0.954107083471899,
        "support": 3000
      },
      "Karacadag": {
        "precision": 0.9677525501809806,
        "recall": 0.9803333333333333,
        "f1-score": 0.9740023182646134,
        "support": 3000
      },
      "accuracy": 0.9708,
      "macro avg": {
        "precision": 0.9708249915794497,
        "recall": 0.9708,
        "f1-score": 0.9707928005847052,
        "support": 15000
      },
      "weighted avg": {
        "precision": 0.9708249915794497,
        "recall": 0.9708,
        "f1-score": 0.9707928005847051,
        "support": 15000
      }
    },
    "conf_mat": [
      [
        2879,
        0,
        3,
        20,
        98
      ],
      [
        0,
        2885,
        0,
        115,
        0
      ],
      [
        2,
        0,
        2988,
        10,
        0
      ],
      [
        18,
        102,
        11,
        2869,
        0
      ],
      [
        59,
        0,
        0,
        0,
        2941
      ]
    ]
  },
  "rf": {
    "accuracy": 0.9786,
    "report": {
      "Arborio": {
        "precision": 0.9717552118359112,
        "recall": 0.9633333333333334,
        "f1-score": 0.9675259457649816,
        "support": 3000
      },
      "Basmati": {
        "precision": 0.9749753045768851,
        "recall": 0.987,
        "f1-score": 0.9809508033791619,
        "support": 3000
      },
      "Ipsala": {
        "precision": 0.9979993331110371,
        "recall": 0.9976666666666667,
        "f1-score": 0.997832972162027,
        "support": 3000
      },
      "Jasmine": {
        "precision": 0.9795095733960363,
        "recall": 0.972,
        "f1-score": 0.9757403379621884,
        "support": 3000
      },
      "Karacadag": {
        "precision": 0.9688018586126784,
        "recall": 0.973,
        "f1-score": 0.9708963911525029,
        "support": 3000
      },
      "accuracy": 0.9786,
      "macro avg": {
        "precision": 0.9786082563065095,
        "recall": 0.9786000000000001,
        "f1-score": 0.9785892900841724,
        "support": 15000
      },
      "weighted avg": {
        "precision": 0.9786082563065097,
        "recall": 0.9786,
        "f1-score": 0.9785892900841724,
        "support": 15000
      }
    },
    "conf_mat": [
      [
        2890,
        0,
        0,
        16,
        94
      ],
      [
        0,
        2961,
        0,
        39,
        0
      ],
      [
        1,
        0,
        2993,
        6,
        0
      ],
      [
        2,
        76,
        6,
        2916,
        0
      ],
      [
        81,
        0,
        0,
        0,
        2919
      ]
    ]
  },
  "knn": {
    "accuracy": 0.9720666666666666,
    "report": {
      "Arborio": {
        "precision": 0.9805261359754014,
        "recall": 0.9566666666666667,
        "f1-score": 0.9684494685338283,
        "support": 3000
      },
      "Basmati": {
        "precision": 0.9547967479674797,
        "recall": 0.9786666666666667,
        "f1-score": 0.9665843621399178,
        "support": 3000
      },
      "Ipsala": {
        "precision": 0.9913448735019973,
        "recall": 0.9926666666666667,
        "f1-score": 0.9920053297801465,
        "support": 3000
      },
      "Jasmine": {
        "precision": 0.9715265866209263,
        "recall": 0.944,
        "f1-score": 0.9575655114116652,
        "support": 3000
      },
      "Karacadag": {
        "precision": 0.9629749918804806,
        "recall": 0.9883333333333333,
        "f1-score": 0.9754893897022536,
        "support": 3000
      },
      "accuracy": 0.9720666666666666,
      "macro avg": {
        "precision": 0.9722338671892571,
        "recall": 0.9720666666666666,
        "f1-score": 0.9720188123135622,
        "support": 15000
      },
      "weighted avg": {
        "precision": 0.9722338671892571,
        "recall": 0.9720666666666666,
        "f1-score": 0.9720188123135624,
        "support": 15000
      }
    },
    "conf_mat": [
      [
        2870,
        0,
        0,
        16,
        114
      ],
      [
        0,
        2936,
        7,
        57,
        0
      ],
      [
        12,
        0,
        2978,
        10,
        0
      ],
      [
        10,
        139,
        19,
        2832,
        0
      ],
      [
        35,
        0,
        0,
        0,
        2965
      ]
    ]
  }
}