{
  "svm": {
    "best_params": {
      "C": 1,
      "gamma": "scale",
      "kernel": "linear"
    },
    "accuracy": 0.9682666666666667,
    "inference_time": 5.002173299995775,
    "memory_usage": 13438976,
    "report": {
      "Arborio": {
        "precision": 0.9655986509274873,
        "recall": 0.9543333333333334,
        "f1-score": 0.9599329421626153,
        "support": 3000
      },
      "Basmati": {
        "precision": 0.9656437625083389,
        "recall": 0.965,
        "f1-score": 0.9653217739246416,
        "support": 3000
      },
      "Ipsala": {
        "precision": 0.9920265780730897,
        "recall": 0.9953333333333333,
        "f1-score": 0.9936772046589019,
        "support": 3000
      },
      "Jasmine": {
        "precision": 0.9550898203592815,
        "recall": 0.957,
        "f1-score": 0.9560439560439561,
        "support": 3000
      },
      "Karacadag": {
        "precision": 0.9629261833829857,
        "recall": 0.9696666666666667,
        "f1-score": 0.9662846703205447,
        "support": 3000
      },
      "accuracy": 0.9682666666666667,
      "macro avg": {
        "precision": 0.9682569990502368,
        "recall": 0.9682666666666666,
        "f1-score": 0.9682521094221318,
        "support": 15000
      },
      "weighted avg": {
        "precision": 0.9682569990502364,
        "recall": 0.9682666666666667,
        "f1-score": 0.9682521094221319,
        "support": 15000
      }
    },
    "conf_mat": [
      [
        2863,
        0,
        4,
        21,
        112
      ],
      [
        0,
        2895,
        0,
        105,
        0
      ],
      [
        3,
        2,
        2986,
        9,
        0
      ],
      [
        8,
        101,
        20,
        2871,
        0
      ],
      [
        91,
        0,
        0,
        0,
        2909
      ]
    ]
  },
  "rf": {
    "best_params": {
      "max_depth": null,
      "max_features": "sqrt",
      "n_estimators": 100
    },
    "accuracy": 0.9764666666666667,
    "inference_time": 1.5434070999981486,
    "memory_usage": 106348544,
    "report": {
      "Arborio": {
        "precision": 0.9686022957461174,
        "recall": 0.9563333333333334,
        "f1-score": 0.9624287151962428,
        "support": 3000
      },
      "Basmati": {
        "precision": 0.972176759410802,
        "recall": 0.99,
        "f1-score": 0.9810074318744839,
        "support": 3000
      },
      "Ipsala": {
        "precision": 0.9976651100733822,
        "recall": 0.997,
        "f1-score": 0.9973324441480493,
        "support": 3000
      },
      "Jasmine": {
        "precision": 0.9804318488529015,
        "recall": 0.9686666666666667,
        "f1-score": 0.9745137491616365,
        "support": 3000
      },
      "Karacadag": {
        "precision": 0.9635882158225753,
        "recall": 0.9703333333333334,
        "f1-score": 0.9669490117920612,
        "support": 3000
      },
      "accuracy": 0.9764666666666667,
      "macro avg": {
        "precision": 0.9764928459811557,
        "recall": 0.9764666666666667,
        "f1-score": 0.9764462704344948,
        "support": 15000
      },
      "weighted avg": {
        "precision": 0.9764928459811557,
        "recall": 0.9764666666666667,
        "f1-score": 0.9764462704344947,
        "support": 15000
      }
    },
    "conf_mat": [
      [
        2869,
        0,
        0,
        21,
        110
      ],
      [
        0,
        2970,
        0,
        30,
        0
      ],
      [
        2,
        0,
        2991,
        7,
        0
      ],
      [
        2,
        85,
        7,
        2906,
        0
      ],
      [
        89,
        0,
        0,
        0,
        2911
      ]
    ]
  },
  "knn": {
    "best_params": {
      "n_neighbors": 4,
      "weights": "uniform"
    },
    "accuracy": 0.9676,
    "inference_time": 4.504180899995845,
    "memory_usage": 6668288,
    "report": {
      "Arborio": {
        "precision": 0.962037962037962,
        "recall": 0.963,
        "f1-score": 0.9625187406296851,
        "support": 3000
      },
      "Basmati": {
        "precision": 0.9406887755102041,
        "recall": 0.9833333333333333,
        "f1-score": 0.9615384615384615,
        "support": 3000
      },
      "Ipsala": {
        "precision": 0.9929883138564274,
        "recall": 0.9913333333333333,
        "f1-score": 0.9921601334445371,
        "support": 3000
      },
      "Jasmine": {
        "precision": 0.9768826619964974,
        "recall": 0.9296666666666666,
        "f1-score": 0.9526900085397096,
        "support": 3000
      },
      "Karacadag": {
        "precision": 0.9671205579541681,
        "recall": 0.9706666666666667,
        "f1-score": 0.9688903676592913,
        "support": 3000
      },
      "accuracy": 0.9676,
      "macro avg": {
        "precision": 0.9679436542710518,
        "recall": 0.9675999999999998,
        "f1-score": 0.9675595423623371,
        "support": 15000
      },
      "weighted avg": {
        "precision": 0.9679436542710518,
        "recall": 0.9676,
        "f1-score": 0.967559542362337,
        "support": 15000
      }
    },
    "conf_mat": [
      [
        2889,
        0,
        0,
        12,
        99
      ],
      [
        0,
        2950,
        3,
        47,
        0
      ],
      [
        16,
        3,
        2974,
        7,
        0
      ],
      [
        10,
        183,
        18,
        2789,
        0
      ],
      [
        88,
        0,
        0,
        0,
        2912
      ]
    ]
  }
}