{
  "svm": {
    "best_params": {
      "C": 1,
      "gamma": "scale",
      "kernel": "linear"
    },
    "accuracy": 0.9035333333333333,
    "inference_time": 12.418756700000813,
    "memory_usage": 602112,
    "report": {
      "Arborio": {
        "precision": 0.8628719275549805,
        "recall": 0.8893333333333333,
        "f1-score": 0.875902823374918,
        "support": 3000
      },
      "Basmati": {
        "precision": 0.937773292970064,
        "recall": 0.9293333333333333,
        "f1-score": 0.9335342374016407,
        "support": 3000
      },
      "Ipsala": {
        "precision": 0.9459551325628824,
        "recall": 0.9276666666666666,
        "f1-score": 0.9367216425445977,
        "support": 3000
      },
      "Jasmine": {
        "precision": 0.9199862637362637,
        "recall": 0.893,
        "f1-score": 0.9062922868741542,
        "support": 3000
      },
      "Karacadag": {
        "precision": 0.8552418046088932,
        "recall": 0.8783333333333333,
        "f1-score": 0.8666337773392534,
        "support": 3000
      },
      "accuracy": 0.9035333333333333,
      "macro avg": {
        "precision": 0.9043656842866167,
        "recall": 0.9035333333333332,
        "f1-score": 0.9038169535069128,
        "support": 15000
      },
      "weighted avg": {
        "precision": 0.9043656842866168,
        "recall": 0.9035333333333333,
        "f1-score": 0.9038169535069127,
        "support": 15000
      }
    },
    "conf_mat": [
      [
        2668,
        2,
        44,
        10,
        276
      ],
      [
        4,
        2788,
        8,
        191,
        9
      ],
      [
        75,
        4,
        2783,
        32,
        106
      ],
      [
        38,
        177,
        51,
        2679,
        55
      ],
      [
        307,
        2,
        56,
        0,
        2635
      ]
    ]
  },
  "rf": {
    "best_params": {
      "max_depth": null,
      "max_features": "sqrt",
      "n_estimators": 100
    },
    "accuracy": 0.903,
    "inference_time": 0.3837223999998969,
    "memory_usage": 991232,
    "report": {
      "Arborio": {
        "precision": 0.8858807402330363,
        "recall": 0.8616666666666667,
        "f1-score": 0.8736059479553904,
        "support": 3000
      },
      "Basmati": {
        "precision": 0.9411565776124451,
        "recall": 0.9276666666666666,
        "f1-score": 0.9343629343629344,
        "support": 3000
      },
      "Ipsala": {
        "precision": 0.9478705281090289,
        "recall": 0.9273333333333333,
        "f1-score": 0.9374894692502106,
        "support": 3000
      },
      "Jasmine": {
        "precision": 0.9122510968612892,
        "recall": 0.901,
        "f1-score": 0.9065906422941472,
        "support": 3000
      },
      "Karacadag": {
        "precision": 0.8342113418035327,
        "recall": 0.8973333333333333,
        "f1-score": 0.8646218082543762,
        "support": 3000
      },
      "accuracy": 0.903,
      "macro avg": {
        "precision": 0.9042740569238663,
        "recall": 0.9029999999999999,
        "f1-score": 0.9033341604234117,
        "support": 15000
      },
      "weighted avg": {
        "precision": 0.9042740569238664,
        "recall": 0.903,
        "f1-score": 0.9033341604234117,
        "support": 15000
      }
    },
    "conf_mat": [
      [
        2585,
        3,
        46,
        19,
        347
      ],
      [
        2,
        2783,
        11,
        195,
        9
      ],
      [
        49,
        2,
        2782,
        44,
        123
      ],
      [
        34,
        167,
        40,
        2703,
        56
      ],
      [
        248,
        2,
        56,
        2,
        2692
      ]
    ]
  },
  "knn": {
    "best_params": {
      "n_neighbors": 4,
      "weights": "uniform"
    },
    "accuracy": 0.8299333333333333,
    "inference_time": 4.789100799998778,
    "memory_usage": 14131200,
    "report": {
      "Arborio": {
        "precision": 0.7271908763505402,
        "recall": 0.8076666666666666,
        "f1-score": 0.7653190145293747,
        "support": 3000
      },
      "Basmati": {
        "precision": 0.9185082872928176,
        "recall": 0.8866666666666667,
        "f1-score": 0.9023066485753053,
        "support": 3000
      },
      "Ipsala": {
        "precision": 0.85778859527121,
        "recall": 0.8223333333333334,
        "f1-score": 0.8396868618107557,
        "support": 3000
      },
      "Jasmine": {
        "precision": 0.8914673330953231,
        "recall": 0.8323333333333334,
        "f1-score": 0.8608860541285985,
        "support": 3000
      },
      "Karacadag": {
        "precision": 0.7760904684975768,
        "recall": 0.8006666666666666,
        "f1-score": 0.7881870385561937,
        "support": 3000
      },
      "accuracy": 0.8299333333333333,
      "macro avg": {
        "precision": 0.8342091121014935,
        "recall": 0.8299333333333333,
        "f1-score": 0.8312771235200456,
        "support": 15000
      },
      "weighted avg": {
        "precision": 0.8342091121014935,
        "recall": 0.8299333333333333,
        "f1-score": 0.8312771235200456,
        "support": 15000
      }
    },
    "conf_mat": [
      [
        2423,
        11,
        130,
        27,
        409
      ],
      [
        57,
        2660,
        52,
        204,
        27
      ],
      [
        279,
        9,
        2467,
        69,
        176
      ],
      [
        99,
        213,
        110,
        2497,
        81
      ],
      [
        474,
        3,
        117,
        4,
        2402
      ]
    ]
  }
}